LGA,Region,Section of State,Year,Portion Bullied,"Rate per 100,000 population"
ALPINE,Hume,Regional Victoria,2008,"4,264.2","4,264.2"
ARARAT,Central Highlands,Regional Victoria,2008,"6,248.0","6,248.0"
BALLARAT,Central Highlands,Regional Victoria,2008,"6,246.0","6,246.0"
BANYULE,Melbourne,Metropolitan Melbourne,2008,"5,088.8","5,088.8"
BASS COAST,Gippsland,Regional Victoria,2008,"5,066.2","5,066.2"
BAW BAW,Gippsland,Regional Victoria,2008,"7,859.5","7,859.5"
BAYSIDE,Melbourne,Metropolitan Melbourne,2008,"15,980.9","15,980.9"
BENALLA,Hume,Regional Victoria,2008,"4,500.0","4,500.0"
BOROONDARA,Melbourne,Metropolitan Melbourne,2008,"5,375.0","5,375.0"
BRIMBANK,Melbourne,Metropolitan Melbourne,2008,"4,761.1","4,761.1"
BULOKE,Loddon Mallee North,Regional Victoria,2008,"1,859.1","1,859.1"
CAMPASPE,Loddon Mallee North,Regional Victoria,2008,"3,806.4","3,806.4"
CARDINIA,Melbourne,Metropolitan Melbourne,2008,"4,328.9","4,328.9"
CASEY,Melbourne,Metropolitan Melbourne,2008,"9,862.7","9,862.7"
CENTRAL GOLDFIELDS,Loddon Mallee South,Regional Victoria,2008,"5,900.6","5,900.6"
COLAC OTWAY,G21,Regional Victoria,2008,"2,635.3","2,635.3"
CORANGAMITE,Great South Coast,Regional Victoria,2008,"4,912.7","4,912.7"
DAREBIN,Melbourne,Metropolitan Melbourne,2008,"4,824.2","4,824.2"
EAST GIPPSLAND,Gippsland,Regional Victoria,2008,"6,528.6","6,528.6"
FRANKSTON,Melbourne,Metropolitan Melbourne,2008,"3,318.5","3,318.5"
GANNAWARRA,Loddon Mallee North,Regional Victoria,2008,"6,893.4","6,893.4"
GLEN EIRA,Melbourne,Metropolitan Melbourne,2008,"8,175.4","8,175.4"
GLENELG,Great South Coast,Regional Victoria,2008,"3,263.2","3,263.2"
GREATER BENDIGO,Loddon Mallee South,Regional Victoria,2008,"4,043.1","4,043.1"
GREATER DANDENONG,Melbourne,Metropolitan Melbourne,2008,"10,079.5","10,079.5"
GREATER GEELONG,G21,Regional Victoria,2008,"2,292.9","2,292.9"
GREATER SHEPPARTON,Hume,Regional Victoria,2008,"2,678.5","2,678.5"
HEPBURN,Central Highlands,Regional Victoria,2008,"4,550.4","4,550.4"
HINDMARSH,Wimmera Southern Mallee,Regional Victoria,2008,"4,831.5","4,831.5"
HOBSONS BAY,Melbourne,Metropolitan Melbourne,2008,"4,831.9","4,831.9"
HORSHAM,Wimmera Southern Mallee,Regional Victoria,2008,"4,548.2","4,548.2"
HUME,Melbourne,Metropolitan Melbourne,2008,"3,502.9","3,502.9"
INDIGO,Hume,Regional Victoria,2008,"4,338.1","4,338.1"
KINGSTON,Melbourne,Metropolitan Melbourne,2008,"3,304.3","3,304.3"
KNOX,Melbourne,Metropolitan Melbourne,2008,"2,093.8","2,093.8"
LATROBE,Gippsland,Regional Victoria,2008,"5,668.3","5,668.3"
LODDON,Loddon Mallee South,Regional Victoria,2008,"6,684.8","6,684.8"
MACEDON RANGES,Loddon Mallee South,Regional Victoria,2008,"3,413.3","3,413.3"
MANNINGHAM,Melbourne,Metropolitan Melbourne,2008,"6,157.7","6,157.7"
MANSFIELD,Hume,Regional Victoria,2008,"3,030.1","3,030.1"
MARIBYRNONG,Melbourne,Metropolitan Melbourne,2008,"4,524.5","4,524.5"
MAROONDAH,Melbourne,Metropolitan Melbourne,2008,"3,729.6","3,729.6"
MELBOURNE,Melbourne,Metropolitan Melbourne,2008,"3,772.3","3,772.3"
MILDURA,Loddon Mallee North,Regional Victoria,2008,"3,939.8","3,939.8"
MITCHELL,Hume,Regional Victoria,2008,"6,547.3","6,547.3"
MOIRA,Hume,Regional Victoria,2008,"3,614.7","3,614.7"
MONASH,Melbourne,Metropolitan Melbourne,2008,"7,967.3","7,967.3"
MOONEE VALLEY,Melbourne,Metropolitan Melbourne,2008,"4,900.2","4,900.2"
MOORABOOL,Central Highlands,Regional Victoria,2008,"3,887.0","3,887.0"
MORELAND,Melbourne,Metropolitan Melbourne,2008,"9,236.1","9,236.1"
MORNINGTON PENINSULA,Melbourne,Metropolitan Melbourne,2008,"8,022.3","8,022.3"
MOUNT ALEXANDER,Loddon Mallee South,Regional Victoria,2008,"5,221.8","5,221.8"
MOYNE,Great South Coast,Regional Victoria,2008,"7,592.9","7,592.9"
MURRINDINDI,Hume,Regional Victoria,2008,"6,936.3","6,936.3"
NILLUMBIK,Melbourne,Metropolitan Melbourne,2008,"3,368.2","3,368.2"
NORTHERN GRAMPIANS,Wimmera Southern Mallee,Regional Victoria,2008,"6,667.2","6,667.2"
PORT PHILLIP,Melbourne,Metropolitan Melbourne,2008,"5,976.4","5,976.4"
PYRENEES,Central Highlands,Regional Victoria,2008,"4,939.6","4,939.6"
SOUTH GIPPSLAND,Gippsland,Regional Victoria,2008,"3,209.3","3,209.3"
SOUTHERN GRAMPIANS,Great South Coast,Regional Victoria,2008,"4,717.1","4,717.1"
STONNINGTON,Melbourne,Metropolitan Melbourne,2008,"5,483.3","5,483.3"
STRATHBOGIE,Hume,Regional Victoria,2008,"1,763.6","1,763.6"
SURF COAST,G21,Regional Victoria,2008,"6,129.6","6,129.6"
SWAN HILL,Loddon Mallee North,Regional Victoria,2008,"5,208.4","5,208.4"
TOWONG,Hume,Regional Victoria,2008,"2,897.8","2,897.8"
WANGARATTA,Hume,Regional Victoria,2008,"3,528.2","3,528.2"
WARRNAMBOOL,Great South Coast,Regional Victoria,2008,"7,850.2","7,850.2"
WELLINGTON,Gippsland,Regional Victoria,2008,"4,406.9","4,406.9"
WEST WIMMERA,Wimmera Southern Mallee,Regional Victoria,2008,"2,809.0","2,809.0"
WHITEHORSE,Melbourne,Metropolitan Melbourne,2008,"9,209.1","9,209.1"
WHITTLESEA,Melbourne,Metropolitan Melbourne,2008,"3,718.7","3,718.7"
WYNDHAM,Melbourne,Metropolitan Melbourne,2008,"3,296.4","3,296.4"
YARRA,Melbourne,Metropolitan Melbourne,2008,"2,627.9","2,627.9"
YARRA RANGES,Melbourne,Metropolitan Melbourne,2008,"6,384.2","6,384.2"
YARRIAMBIACK,Wimmera Southern Mallee,Regional Victoria,2008,"3,415.5","3,415.5"
ALPINE,Hume,Regional Victoria,2009,"2,702.3","2,702.3"
ARARAT,Central Highlands,Regional Victoria,2009,"4,719.4","4,719.4"
BALLARAT,Central Highlands,Regional Victoria,2009,"2,137.0","2,137.0"
BANYULE,Melbourne,Metropolitan Melbourne,2009,"7,005.8","7,005.8"
BASS COAST,Gippsland,Regional Victoria,2009,"5,657.0","5,657.0"
BAW BAW,Gippsland,Regional Victoria,2009,"2,489.3","2,489.3"
BAYSIDE,Melbourne,Metropolitan Melbourne,2009,"4,741.9","4,741.9"
BENALLA,Hume,Regional Victoria,2009,"5,337.0","5,337.0"
BOROONDARA,Melbourne,Metropolitan Melbourne,2009,17.6,
BRIMBANK,Melbourne,Metropolitan Melbourne,2009,22.3,
BULOKE,Loddon Mallee North,Regional Victoria,2009,20.4,
CAMPASPE,Loddon Mallee North,Regional Victoria,2009,27.4,
CARDINIA,Melbourne,Metropolitan Melbourne,2009,27.3,"4,246.5"
CASEY,Melbourne,Metropolitan Melbourne,2009,23.6,"6,428.7"
CENTRAL GOLDFIELDS,Loddon Mallee South,Regional Victoria,2009,30.4,"6,347.8"
COLAC OTWAY,G21,Regional Victoria,2009,33.4,"4,935.2"
CORANGAMITE,Great South Coast,Regional Victoria,2009,12.2,"5,081.2"
DAREBIN,Melbourne,Metropolitan Melbourne,2009,18.2,"8,098.6"
EAST GIPPSLAND,Gippsland,Regional Victoria,2009,32.7,"16,028.1"
FRANKSTON,Melbourne,Metropolitan Melbourne,2009,26.2,"4,938.7"
GANNAWARRA,Loddon Mallee North,Regional Victoria,2009,24.7,"5,370.5"
GLEN EIRA,Melbourne,Metropolitan Melbourne,2009,18.5,"4,932.3"
GLENELG,Great South Coast,Regional Victoria,2009,31.6,"2,162.2"
GREATER BENDIGO,Loddon Mallee South,Regional Victoria,2009,26.8,"4,033.7"
GREATER DANDENONG,Melbourne,Metropolitan Melbourne,2009,24.9,"4,091.9"
GREATER GEELONG,G21,Regional Victoria,2009,28,"10,112.2"
GREATER SHEPPARTON,Hume,Regional Victoria,2009,26.1,"5,995.3"
HEPBURN,Central Highlands,Regional Victoria,2009,28.6,"2,934.0"
HINDMARSH,Wimmera Southern Mallee,Regional Victoria,2009,23.8,"5,270.5"
HOBSONS BAY,Melbourne,Metropolitan Melbourne,2009,19.8,"5,376.9"
HORSHAM,Wimmera Southern Mallee,Regional Victoria,2009,32.7,"6,894.9"
HUME,Melbourne,Metropolitan Melbourne,2009,25.5,"3,256.0"
INDIGO,Hume,Regional Victoria,2009,20.7,"7,409.2"
KINGSTON,Melbourne,Metropolitan Melbourne,2009,21.4,"8,608.9"
KNOX,Melbourne,Metropolitan Melbourne,2009,26.8,"2,348.0"
LATROBE,Gippsland,Regional Victoria,2009,34.8,"4,396.1"
LODDON,Loddon Mallee South,Regional Victoria,2009,18.3,"10,362.5"
MACEDON RANGES,Loddon Mallee South,Regional Victoria,2009,28,"2,376.3"
MANNINGHAM,Melbourne,Metropolitan Melbourne,2009,21.8,"3,609.6"
MANSFIELD,Hume,Regional Victoria,2009,22.7,"4,571.8"
MARIBYRNONG,Melbourne,Metropolitan Melbourne,2009,24.7,"4,993.6"
MAROONDAH,Melbourne,Metropolitan Melbourne,2009,22.8,"5,518.8"
MELBOURNE,Melbourne,Metropolitan Melbourne,2009,12.1,"4,423.2"
MILDURA,Loddon Mallee North,Regional Victoria,2009,25.8,"3,680.5"
MITCHELL,Hume,Regional Victoria,2009,28.5,"3,897.6"
MOIRA,Hume,Regional Victoria,2009,23,"4,074.3"
MONASH,Melbourne,Metropolitan Melbourne,2009,22,"2,603.9"
MOONEE VALLEY,Melbourne,Metropolitan Melbourne,2009,22.5,"5,635.5"
MOORABOOL,Central Highlands,Regional Victoria,2009,33.5,"6,466.2"
MORELAND,Melbourne,Metropolitan Melbourne,2009,23.9,"3,321.3"
MORNINGTON PENINSULA,Melbourne,Metropolitan Melbourne,2009,28.4,"5,717.5"
MOUNT ALEXANDER,Loddon Mallee South,Regional Victoria,2009,23.7,"3,255.6"
MOYNE,Great South Coast,Regional Victoria,2009,21,"4,622.5"
MURRINDINDI,Hume,Regional Victoria,2009,28.8,"3,261.8"
NILLUMBIK,Melbourne,Metropolitan Melbourne,2009,17.4,"3,981.7"
NORTHERN GRAMPIANS,Wimmera Southern Mallee,Regional Victoria,2009,25.6,"3,855.4"
PORT PHILLIP,Melbourne,Metropolitan Melbourne,2009,12.8,"5,922.9"
PYRENEES,Central Highlands,Regional Victoria,2009,11.5,"3,487.4"
SOUTH GIPPSLAND,Gippsland,Regional Victoria,2009,25,"7,271.0"
SOUTHERN GRAMPIANS,Great South Coast,Regional Victoria,2009,9.5,"4,235.8"
STONNINGTON,Melbourne,Metropolitan Melbourne,2009,12.5,"3,769.6"
STRATHBOGIE,Hume,Regional Victoria,2009,26.7,"9,077.6"
SURF COAST,G21,Regional Victoria,2009,21.5,"7,577.3"
SWAN HILL,Loddon Mallee North,Regional Victoria,2009,29.9,"4,941.7"
TOWONG,Hume,Regional Victoria,2009,17.7,"8,501.8"
WANGARATTA,Hume,Regional Victoria,2009,28,"6,637.2"
WARRNAMBOOL,Great South Coast,Regional Victoria,2009,31.8,"3,164.8"
WELLINGTON,Gippsland,Regional Victoria,2009,28.7,"6,330.3"
WEST WIMMERA,Wimmera Southern Mallee,Regional Victoria,2009,24.2,"5,955.8"
WHITEHORSE,Melbourne,Metropolitan Melbourne,2009,19.2,"5,308.5"
WHITTLESEA,Melbourne,Metropolitan Melbourne,2009,23.7,"3,705.8"
WYNDHAM,Melbourne,Metropolitan Melbourne,2009,25.2,"5,192.2"
YARRA,Melbourne,Metropolitan Melbourne,2009,16.4,"5,983.2"
YARRA RANGES,Melbourne,Metropolitan Melbourne,2009,24.9,"1,768.6"
YARRIAMBIACK,Wimmera Southern Mallee,Regional Victoria,2009,25.1,"6,364.4"
ALPINE,Hume,Regional Victoria,2010,26.2,"5,440.3"
ARARAT,Central Highlands,Regional Victoria,2010,28.3,"2,658.4"
BALLARAT,Central Highlands,Regional Victoria,2010,26.5,"5,445.5"
BANYULE,Melbourne,Metropolitan Melbourne,2010,21.1,"7,678.3"
BASS COAST,Gippsland,Regional Victoria,2010,23.9,"5,285.7"
BAW BAW,Gippsland,Regional Victoria,2010,26,"2,850.2"
BAYSIDE,Melbourne,Metropolitan Melbourne,2010,14.9,"8,292.2"
BENALLA,Hume,Regional Victoria,2010,30.3,"4,259.1"
BOROONDARA,Melbourne,Metropolitan Melbourne,2010,17.5,"3,620.8"
BRIMBANK,Melbourne,Metropolitan Melbourne,2010,19.1,"3,065.2"
BULOKE,Loddon Mallee North,Regional Victoria,2010,18.3,"7,000.4"
CAMPASPE,Loddon Mallee North,Regional Victoria,2010,24.2,"4,295.3"
CARDINIA,Melbourne,Metropolitan Melbourne,2010,26.6,"2,287.5"
CASEY,Melbourne,Metropolitan Melbourne,2010,22.1,"4,591.2"
CENTRAL GOLDFIELDS,Loddon Mallee South,Regional Victoria,2010,34,"2,857.3"
COLAC OTWAY,G21,Regional Victoria,2010,35.5,"8,099.9"
CORANGAMITE,Great South Coast,Regional Victoria,2010,13.2,"6,406.2"
DAREBIN,Melbourne,Metropolitan Melbourne,2010,18.8,"4,073.4"
EAST GIPPSLAND,Gippsland,Regional Victoria,2010,24.7,"4,331.1"
FRANKSTON,Melbourne,Metropolitan Melbourne,2010,22.8,"5,506.5"
GANNAWARRA,Loddon Mallee North,Regional Victoria,2010,19.1,
GLEN EIRA,Melbourne,Metropolitan Melbourne,2010,16.7,
GLENELG,Great South Coast,Regional Victoria,2010,29.3,
GREATER BENDIGO,Loddon Mallee South,Regional Victoria,2010,27.3,
GREATER DANDENONG,Melbourne,Metropolitan Melbourne,2010,22.2,"5,152.9"
GREATER GEELONG,G21,Regional Victoria,2010,25.7,"7,527.0"
GREATER SHEPPARTON,Hume,Regional Victoria,2010,25.8,"7,659.1"
HEPBURN,Central Highlands,Regional Victoria,2010,29.6,"4,721.8"
HINDMARSH,Wimmera Southern Mallee,Regional Victoria,2010,15.8,"6,635.9"
HOBSONS BAY,Melbourne,Metropolitan Melbourne,2010,15.6,"8,202.0"
HORSHAM,Wimmera Southern Mallee,Regional Victoria,2010,25.7,"15,674.5"
HUME,Melbourne,Metropolitan Melbourne,2010,24.5,"5,824.0"
INDIGO,Hume,Regional Victoria,2010,17.7,"6,000.1"
KINGSTON,Melbourne,Metropolitan Melbourne,2010,17.1,"5,092.2"
KNOX,Melbourne,Metropolitan Melbourne,2010,20.9,"2,534.4"
LATROBE,Gippsland,Regional Victoria,2010,31.7,"5,258.4"
LODDON,Loddon Mallee South,Regional Victoria,2010,21.9,"4,601.2"
MACEDON RANGES,Loddon Mallee South,Regional Victoria,2010,28.3,"11,767.3"
MANNINGHAM,Melbourne,Metropolitan Melbourne,2010,18.6,"6,872.3"
MANSFIELD,Hume,Regional Victoria,2010,26.9,"3,170.1"
MARIBYRNONG,Melbourne,Metropolitan Melbourne,2010,23.1,"5,258.7"
MAROONDAH,Melbourne,Metropolitan Melbourne,2010,23.5,"6,609.5"
MELBOURNE,Melbourne,Metropolitan Melbourne,2010,14.1,"6,895.1"
MILDURA,Loddon Mallee North,Regional Victoria,2010,27.3,"3,510.0"
MITCHELL,Hume,Regional Victoria,2010,32.1,"7,679.4"
MOIRA,Hume,Regional Victoria,2010,23.3,"8,802.5"
MONASH,Melbourne,Metropolitan Melbourne,2010,19.1,"2,592.3"
MOONEE VALLEY,Melbourne,Metropolitan Melbourne,2010,19.6,"5,357.0"
MOORABOOL,Central Highlands,Regional Victoria,2010,28.7,"12,562.7"
MORELAND,Melbourne,Metropolitan Melbourne,2010,20.3,"2,684.3"
MORNINGTON PENINSULA,Melbourne,Metropolitan Melbourne,2010,25.2,"3,796.6"
MOUNT ALEXANDER,Loddon Mallee South,Regional Victoria,2010,25.5,"4,868.2"
MOYNE,Great South Coast,Regional Victoria,2010,19.8,"6,691.8"
MURRINDINDI,Hume,Regional Victoria,2010,21.8,"5,273.8"
NILLUMBIK,Melbourne,Metropolitan Melbourne,2010,17.7,"4,926.7"
NORTHERN GRAMPIANS,Wimmera Southern Mallee,Regional Victoria,2010,26.1,"4,404.9"
PORT PHILLIP,Melbourne,Metropolitan Melbourne,2010,10.5,"4,146.0"
PYRENEES,Central Highlands,Regional Victoria,2010,13.2,"4,309.2"
SOUTH GIPPSLAND,Gippsland,Regional Victoria,2010,20.5,"2,548.7"
SOUTHERN GRAMPIANS,Great South Coast,Regional Victoria,2010,5.3,"5,585.7"
STONNINGTON,Melbourne,Metropolitan Melbourne,2010,14.9,"7,375.2"
STRATHBOGIE,Hume,Regional Victoria,2010,27.3,"4,079.9"
SURF COAST,G21,Regional Victoria,2010,18,"6,055.7"
SWAN HILL,Loddon Mallee North,Regional Victoria,2010,23.7,"3,991.0"
TOWONG,Hume,Regional Victoria,2010,15.2,"5,210.8"
WANGARATTA,Hume,Regional Victoria,2010,28.7,"3,929.2"
WARRNAMBOOL,Great South Coast,Regional Victoria,2010,20.8,"5,008.5"
WELLINGTON,Gippsland,Regional Victoria,2010,27.4,"4,742.0"
WEST WIMMERA,Wimmera Southern Mallee,Regional Victoria,2010,25.3,"7,602.3"
WHITEHORSE,Melbourne,Metropolitan Melbourne,2010,18.4,"4,055.5"
WHITTLESEA,Melbourne,Metropolitan Melbourne,2010,23.6,"9,043.5"
WYNDHAM,Melbourne,Metropolitan Melbourne,2010,22.4,"5,280.3"
YARRA,Melbourne,Metropolitan Melbourne,2010,13.6,"4,767.7"
YARRA RANGES,Melbourne,Metropolitan Melbourne,2010,24.3,"9,286.7"
YARRIAMBIACK,Wimmera Southern Mallee,Regional Victoria,2010,21.7,"8,038.3"
ALPINE,Hume,Regional Victoria,2011,25.4,"5,941.9"
ARARAT,Central Highlands,Regional Victoria,2011,21.9,"9,162.7"
BALLARAT,Central Highlands,Regional Victoria,2011,26.7,"6,587.1"
BANYULE,Melbourne,Metropolitan Melbourne,2011,19.8,"4,637.2"
BASS COAST,Gippsland,Regional Victoria,2011,18.3,"6,506.3"
BAW BAW,Gippsland,Regional Victoria,2011,24.7,"6,083.4"
BAYSIDE,Melbourne,Metropolitan Melbourne,2011,17.3,"6,111.2"
BENALLA,Hume,Regional Victoria,2011,26,"4,034.8"
BOROONDARA,Melbourne,Metropolitan Melbourne,2011,16.3,"6,440.6"
BRIMBANK,Melbourne,Metropolitan Melbourne,2011,18.3,"5,393.0"
BULOKE,Loddon Mallee North,Regional Victoria,2011,15.1,"1,837.8"
CAMPASPE,Loddon Mallee North,Regional Victoria,2011,22,"6,761.5"
CARDINIA,Melbourne,Metropolitan Melbourne,2011,23.5,"6,230.6"
CASEY,Melbourne,Metropolitan Melbourne,2011,18.1,"3,445.7"
CENTRAL GOLDFIELDS,Loddon Mallee South,Regional Victoria,2011,30.8,"5,494.7"
COLAC OTWAY,G21,Regional Victoria,2011,28.9,"7,262.5"
CORANGAMITE,Great South Coast,Regional Victoria,2011,20.5,"5,115.1"
DAREBIN,Melbourne,Metropolitan Melbourne,2011,17.1,"3,763.3"
EAST GIPPSLAND,Gippsland,Regional Victoria,2011,27,"8,123.0"
FRANKSTON,Melbourne,Metropolitan Melbourne,2011,20.9,"5,544.7"
GANNAWARRA,Loddon Mallee North,Regional Victoria,2011,17.8,"3,828.0"
GLEN EIRA,Melbourne,Metropolitan Melbourne,2011,15.2,"3,117.7"
GLENELG,Great South Coast,Regional Victoria,2011,26.7,"7,075.6"
GREATER BENDIGO,Loddon Mallee South,Regional Victoria,2011,25.2,"4,927.0"
GREATER DANDENONG,Melbourne,Metropolitan Melbourne,2011,19.7,"3,237.3"
GREATER GEELONG,G21,Regional Victoria,2011,21.7,"5,018.5"
GREATER SHEPPARTON,Hume,Regional Victoria,2011,24.9,"3,347.5"
HEPBURN,Central Highlands,Regional Victoria,2011,22.6,"8,466.8"
HINDMARSH,Wimmera Southern Mallee,Regional Victoria,2011,13.1,"6,555.8"
HOBSONS BAY,Melbourne,Metropolitan Melbourne,2011,17.3,"3,284.9"
HORSHAM,Wimmera Southern Mallee,Regional Victoria,2011,23.9,"5,442.5"
HUME,Melbourne,Metropolitan Melbourne,2011,20.2,"5,947.8"
INDIGO,Hume,Regional Victoria,2011,19.1,
KINGSTON,Melbourne,Metropolitan Melbourne,2011,16.8,
KNOX,Melbourne,Metropolitan Melbourne,2011,22.9,
LATROBE,Gippsland,Regional Victoria,2011,24.5,
LODDON,Loddon Mallee South,Regional Victoria,2011,20.7,"5,398.6"
MACEDON RANGES,Loddon Mallee South,Regional Victoria,2011,26.6,"7,331.2"
MANNINGHAM,Melbourne,Metropolitan Melbourne,2011,18.8,"7,263.8"
MANSFIELD,Hume,Regional Victoria,2011,23.4,"5,222.2"
MARIBYRNONG,Melbourne,Metropolitan Melbourne,2011,18,"6,754.0"
MAROONDAH,Melbourne,Metropolitan Melbourne,2011,20.8,"7,724.5"
MELBOURNE,Melbourne,Metropolitan Melbourne,2011,12.7,"15,958.3"
MILDURA,Loddon Mallee North,Regional Victoria,2011,23.6,"5,491.4"
MITCHELL,Hume,Regional Victoria,2011,23.3,"6,051.8"
MOIRA,Hume,Regional Victoria,2011,17.6,"5,127.2"
MONASH,Melbourne,Metropolitan Melbourne,2011,16.8,"2,569.8"
MOONEE VALLEY,Melbourne,Metropolitan Melbourne,2011,17.8,"5,344.8"
MOORABOOL,Central Highlands,Regional Victoria,2011,28.9,"4,843.3"
MORELAND,Melbourne,Metropolitan Melbourne,2011,18.4,"11,479.5"
MORNINGTON PENINSULA,Melbourne,Metropolitan Melbourne,2011,23.5,"6,901.3"
MOUNT ALEXANDER,Loddon Mallee South,Regional Victoria,2011,22.3,"3,306.4"
MOYNE,Great South Coast,Regional Victoria,2011,9.7,"4,911.5"
MURRINDINDI,Hume,Regional Victoria,2011,15.7,"6,681.5"
NILLUMBIK,Melbourne,Metropolitan Melbourne,2011,18.9,"6,758.6"
NORTHERN GRAMPIANS,Wimmera Southern Mallee,Regional Victoria,2011,28.1,"3,440.3"
PORT PHILLIP,Melbourne,Metropolitan Melbourne,2011,10.1,"7,689.7"
PYRENEES,Central Highlands,Regional Victoria,2011,16.1,"9,377.6"
SOUTH GIPPSLAND,Gippsland,Regional Victoria,2011,19.4,"2,574.3"
SOUTHERN GRAMPIANS,Great South Coast,Regional Victoria,2011,5,"5,384.8"
STONNINGTON,Melbourne,Metropolitan Melbourne,2011,8.6,"13,284.9"
STRATHBOGIE,Hume,Regional Victoria,2011,23.1,"3,015.4"
SURF COAST,G21,Regional Victoria,2011,24.5,"3,350.4"
SWAN HILL,Loddon Mallee North,Regional Victoria,2011,23.6,"5,088.7"
TOWONG,Hume,Regional Victoria,2011,19.6,"6,780.7"
WANGARATTA,Hume,Regional Victoria,2011,19.8,"6,447.3"
WARRNAMBOOL,Great South Coast,Regional Victoria,2011,14.2,"4,543.3"
WELLINGTON,Gippsland,Regional Victoria,2011,23.9,"4,096.7"
WEST WIMMERA,Wimmera Southern Mallee,Regional Victoria,2011,25.3,"4,389.9"
WHITEHORSE,Melbourne,Metropolitan Melbourne,2011,15.5,"4,103.2"
WHITTLESEA,Melbourne,Metropolitan Melbourne,2011,22.3,"2,429.1"
WYNDHAM,Melbourne,Metropolitan Melbourne,2011,18.7,"5,992.6"
YARRA,Melbourne,Metropolitan Melbourne,2011,12.9,"7,337.5"
YARRA RANGES,Melbourne,Metropolitan Melbourne,2011,22.9,"4,136.3"
YARRIAMBIACK,Wimmera Southern Mallee,Regional Victoria,2011,13.4,"6,647.9"
ALPINE,Hume,Regional Victoria,2012,19.9,"3,885.0"
ARARAT,Central Highlands,Regional Victoria,2012,23.5,"5,281.3"
BALLARAT,Central Highlands,Regional Victoria,2012,22.1,"3,820.8"
BANYULE,Melbourne,Metropolitan Melbourne,2012,19.3,"4,699.7"
BASS COAST,Gippsland,Regional Victoria,2012,18.3,"4,731.4"
BAW BAW,Gippsland,Regional Victoria,2012,23.8,"7,780.3"
BAYSIDE,Melbourne,Metropolitan Melbourne,2012,17.4,"3,705.3"
BENALLA,Hume,Regional Victoria,2012,18.1,"8,839.7"
BOROONDARA,Melbourne,Metropolitan Melbourne,2012,14.8,"5,469.8"
BRIMBANK,Melbourne,Metropolitan Melbourne,2012,19.7,"5,140.9"
BULOKE,Loddon Mallee North,Regional Victoria,2012,16.1,"8,753.9"
CAMPASPE,Loddon Mallee North,Regional Victoria,2012,18.6,"7,961.2"
CARDINIA,Melbourne,Metropolitan Melbourne,2012,23.7,"5,905.9"
CASEY,Melbourne,Metropolitan Melbourne,2012,17.9,"7,215.4"
CENTRAL GOLDFIELDS,Loddon Mallee South,Regional Victoria,2012,31.7,"8,141.4"
COLAC OTWAY,G21,Regional Victoria,2012,28.7,"3,913.0"
CORANGAMITE,Great South Coast,Regional Victoria,2012,13.2,"7,662.0"
DAREBIN,Melbourne,Metropolitan Melbourne,2012,15.7,"6,690.2"
EAST GIPPSLAND,Gippsland,Regional Victoria,2012,28.3,"5,842.5"
FRANKSTON,Melbourne,Metropolitan Melbourne,2012,23,"3,237.6"
GANNAWARRA,Loddon Mallee North,Regional Victoria,2012,16.6,"5,972.1"
GLEN EIRA,Melbourne,Metropolitan Melbourne,2012,12.7,"5,408.1"
GLENELG,Great South Coast,Regional Victoria,2012,22.9,"2,039.7"
GREATER BENDIGO,Loddon Mallee South,Regional Victoria,2012,24.8,"7,147.0"
GREATER DANDENONG,Melbourne,Metropolitan Melbourne,2012,19.1,"6,346.9"
GREATER GEELONG,G21,Regional Victoria,2012,23.1,"4,501.9"
GREATER SHEPPARTON,Hume,Regional Victoria,2012,28.3,"4,044.5"
HEPBURN,Central Highlands,Regional Victoria,2012,14.4,"6,542.4"
HINDMARSH,Wimmera Southern Mallee,Regional Victoria,2012,14.5,"4,895.0"
HOBSONS BAY,Melbourne,Metropolitan Melbourne,2012,17.2,"3,481.2"
HORSHAM,Wimmera Southern Mallee,Regional Victoria,2012,26,"9,786.8"
HUME,Melbourne,Metropolitan Melbourne,2012,20.2,"4,464.5"
INDIGO,Hume,Regional Victoria,2012,24.8,"4,630.9"
KINGSTON,Melbourne,Metropolitan Melbourne,2012,14.5,"2,974.6"
KNOX,Melbourne,Metropolitan Melbourne,2012,21.5,"6,532.1"
LATROBE,Gippsland,Regional Victoria,2012,24.8,"5,525.7"
LODDON,Loddon Mallee South,Regional Victoria,2012,27.1,"3,537.7"
MACEDON RANGES,Loddon Mallee South,Regional Victoria,2012,27.2,"5,776.3"
MANNINGHAM,Melbourne,Metropolitan Melbourne,2012,19.3,"2,935.8"
MANSFIELD,Hume,Regional Victoria,2012,9,"8,753.0"
MARIBYRNONG,Melbourne,Metropolitan Melbourne,2012,18.4,"7,427.3"
MAROONDAH,Melbourne,Metropolitan Melbourne,2012,19.6,"3,296.4"
MELBOURNE,Melbourne,Metropolitan Melbourne,2012,13.3,"4,453.4"
MILDURA,Loddon Mallee North,Regional Victoria,2012,24.9,"6,272.8"
MITCHELL,Hume,Regional Victoria,2012,31.6,
MOIRA,Hume,Regional Victoria,2012,18.1,
MONASH,Melbourne,Metropolitan Melbourne,2012,15.4,
MOONEE VALLEY,Melbourne,Metropolitan Melbourne,2012,18.8,
MOORABOOL,Central Highlands,Regional Victoria,2012,25.4,"5,530.8"
MORELAND,Melbourne,Metropolitan Melbourne,2012,19.4,"7,044.8"
MORNINGTON PENINSULA,Melbourne,Metropolitan Melbourne,2012,24.8,"7,391.1"
MOUNT ALEXANDER,Loddon Mallee South,Regional Victoria,2012,16.1,"5,062.1"
MOYNE,Great South Coast,Regional Victoria,2012,13.6,"6,898.0"
MURRINDINDI,Hume,Regional Victoria,2012,14.6,"7,811.2"
NILLUMBIK,Melbourne,Metropolitan Melbourne,2012,18.8,"16,469.9"
NORTHERN GRAMPIANS,Wimmera Southern Mallee,Regional Victoria,2012,26.9,"5,131.0"
PORT PHILLIP,Melbourne,Metropolitan Melbourne,2012,8.6,"6,539.2"
PYRENEES,Central Highlands,Regional Victoria,2012,16.3,"5,328.7"
SOUTH GIPPSLAND,Gippsland,Regional Victoria,2012,19.6,"2,549.1"
SOUTHERN GRAMPIANS,Great South Coast,Regional Victoria,2012,3.7,"5,343.1"
STONNINGTON,Melbourne,Metropolitan Melbourne,2012,12.5,"4,397.5"
STRATHBOGIE,Hume,Regional Victoria,2012,25.3,"11,853.5"
SURF COAST,G21,Regional Victoria,2012,11.9,"6,931.2"
SWAN HILL,Loddon Mallee North,Regional Victoria,2012,23.7,"3,068.6"
TOWONG,Hume,Regional Victoria,2012,14.2,"4,605.9"
WANGARATTA,Hume,Regional Victoria,2012,20.3,"6,041.0"
WARRNAMBOOL,Great South Coast,Regional Victoria,2012,18.1,"6,178.9"
WELLINGTON,Gippsland,Regional Victoria,2012,22.3,"3,125.0"
WEST WIMMERA,Wimmera Southern Mallee,Regional Victoria,2012,14.4,"6,768.4"
WHITEHORSE,Melbourne,Metropolitan Melbourne,2012,16.1,"9,278.9"
WHITTLESEA,Melbourne,Metropolitan Melbourne,2012,19.9,"2,060.5"
WYNDHAM,Melbourne,Metropolitan Melbourne,2012,17.7,"4,972.3"
YARRA,Melbourne,Metropolitan Melbourne,2012,16.3,"13,119.6"
YARRA RANGES,Melbourne,Metropolitan Melbourne,2012,22.1,"2,677.7"
YARRIAMBIACK,Wimmera Southern Mallee,Regional Victoria,2012,14.1,"3,642.5"
ALPINE,Hume,Regional Victoria,2013,23.2,"5,050.7"
ARARAT,Central Highlands,Regional Victoria,2013,30.2,"6,735.3"
BALLARAT,Central Highlands,Regional Victoria,2013,25.6,"5,240.8"
BANYULE,Melbourne,Metropolitan Melbourne,2013,21.8,"4,157.2"
BASS COAST,Gippsland,Regional Victoria,2013,22.1,"3,924.9"
BAW BAW,Gippsland,Regional Victoria,2013,22.6,"3,455.4"
BAYSIDE,Melbourne,Metropolitan Melbourne,2013,18,"4,102.9"
BENALLA,Hume,Regional Victoria,2013,24.3,"2,920.9"
BOROONDARA,Melbourne,Metropolitan Melbourne,2013,14.1,"5,947.1"
BRIMBANK,Melbourne,Metropolitan Melbourne,2013,19.3,"6,390.4"
BULOKE,Loddon Mallee North,Regional Victoria,2013,13,"3,585.1"
CAMPASPE,Loddon Mallee North,Regional Victoria,2013,22.5,"5,744.7"
CARDINIA,Melbourne,Metropolitan Melbourne,2013,25.6,"3,513.7"
CASEY,Melbourne,Metropolitan Melbourne,2013,19.3,"4,882.4"
CENTRAL GOLDFIELDS,Loddon Mallee South,Regional Victoria,2013,33,"3,536.3"
COLAC OTWAY,G21,Regional Victoria,2013,27.6,"4,276.5"
CORANGAMITE,Great South Coast,Regional Victoria,2013,24.8,"4,704.8"
DAREBIN,Melbourne,Metropolitan Melbourne,2013,17.1,"7,987.8"
EAST GIPPSLAND,Gippsland,Regional Victoria,2013,33.7,"3,266.8"
FRANKSTON,Melbourne,Metropolitan Melbourne,2013,20.8,"8,540.7"
GANNAWARRA,Loddon Mallee North,Regional Victoria,2013,24.6,"5,280.9"
GLEN EIRA,Melbourne,Metropolitan Melbourne,2013,11.8,"4,889.6"
GLENELG,Great South Coast,Regional Victoria,2013,18.3,"8,968.5"
GREATER BENDIGO,Loddon Mallee South,Regional Victoria,2013,28.9,"7,356.5"
GREATER DANDENONG,Melbourne,Metropolitan Melbourne,2013,19.1,"5,734.3"
GREATER GEELONG,G21,Regional Victoria,2013,22.1,"7,640.8"
GREATER SHEPPARTON,Hume,Regional Victoria,2013,26.3,"7,491.8"
HEPBURN,Central Highlands,Regional Victoria,2013,19.8,"2,931.7"
HINDMARSH,Wimmera Southern Mallee,Regional Victoria,2013,13.6,"7,493.5"
HOBSONS BAY,Melbourne,Metropolitan Melbourne,2013,14.9,"7,283.9"
HORSHAM,Wimmera Southern Mallee,Regional Victoria,2013,28.4,"5,820.0"
HUME,Melbourne,Metropolitan Melbourne,2013,21.3,"3,323.5"
INDIGO,Hume,Regional Victoria,2013,16.8,"4,899.9"
KINGSTON,Melbourne,Metropolitan Melbourne,2013,15.1,"5,181.9"
KNOX,Melbourne,Metropolitan Melbourne,2013,22.3,"2,197.1"
LATROBE,Gippsland,Regional Victoria,2013,26.8,"6,662.1"
LODDON,Loddon Mallee South,Regional Victoria,2013,23.7,"6,329.7"
MACEDON RANGES,Loddon Mallee South,Regional Victoria,2013,25.9,"3,789.7"
MANNINGHAM,Melbourne,Metropolitan Melbourne,2013,18.3,"4,467.1"
MANSFIELD,Hume,Regional Victoria,2013,22.3,"7,857.3"
MARIBYRNONG,Melbourne,Metropolitan Melbourne,2013,16.5,"5,135.0"
MAROONDAH,Melbourne,Metropolitan Melbourne,2013,19.7,"3,370.3"
MELBOURNE,Melbourne,Metropolitan Melbourne,2013,15.3,"9,882.2"
MILDURA,Loddon Mallee North,Regional Victoria,2013,26.1,"5,093.8"
MITCHELL,Hume,Regional Victoria,2013,32.8,"3,547.0"
MOIRA,Hume,Regional Victoria,2013,22.4,"2,535.2"
MONASH,Melbourne,Metropolitan Melbourne,2013,14.6,"6,572.6"
MOONEE VALLEY,Melbourne,Metropolitan Melbourne,2013,18.2,"4,644.8"
MOORABOOL,Central Highlands,Regional Victoria,2013,31.1,"3,422.6"
MORELAND,Melbourne,Metropolitan Melbourne,2013,22.8,"6,826.0"
MORNINGTON PENINSULA,Melbourne,Metropolitan Melbourne,2013,22.4,"2,683.8"
MOUNT ALEXANDER,Loddon Mallee South,Regional Victoria,2013,22,"8,391.4"
MOYNE,Great South Coast,Regional Victoria,2013,19.2,"8,355.6"
MURRINDINDI,Hume,Regional Victoria,2013,14.8,"3,230.7"
NILLUMBIK,Melbourne,Metropolitan Melbourne,2013,19.5,"5,005.2"
NORTHERN GRAMPIANS,Wimmera Southern Mallee,Regional Victoria,2013,21.8,"6,177.9"
PORT PHILLIP,Melbourne,Metropolitan Melbourne,2013,10.3,
PYRENEES,Central Highlands,Regional Victoria,2013,18.3,
SOUTH GIPPSLAND,Gippsland,Regional Victoria,2013,21.2,
SOUTHERN GRAMPIANS,Great South Coast,Regional Victoria,2013,3.2,
STONNINGTON,Melbourne,Metropolitan Melbourne,2013,9.4,"5,779.9"
STRATHBOGIE,Hume,Regional Victoria,2013,24,"6,428.5"
SURF COAST,G21,Regional Victoria,2013,18.5,"7,314.2"
SWAN HILL,Loddon Mallee North,Regional Victoria,2013,26.1,"5,193.5"
TOWONG,Hume,Regional Victoria,2013,14.3,"6,962.3"
WANGARATTA,Hume,Regional Victoria,2013,27.2,"7,339.7"
WARRNAMBOOL,Great South Coast,Regional Victoria,2013,17.3,"17,010.9"
WELLINGTON,Gippsland,Regional Victoria,2013,23.6,"5,414.5"
WEST WIMMERA,Wimmera Southern Mallee,Regional Victoria,2013,18.3,"6,008.9"
WHITEHORSE,Melbourne,Metropolitan Melbourne,2013,16.3,"5,365.9"
WHITTLESEA,Melbourne,Metropolitan Melbourne,2013,21.7,"2,865.5"
WYNDHAM,Melbourne,Metropolitan Melbourne,2013,18.2,"5,292.0"
YARRA,Melbourne,Metropolitan Melbourne,2013,12.8,"4,495.6"
YARRA RANGES,Melbourne,Metropolitan Melbourne,2013,20.9,"11,179.8"
YARRIAMBIACK,Wimmera Southern Mallee,Regional Victoria,2013,12.3,"6,873.4"
ALPINE,Hume,Regional Victoria,2014,15.6,"2,445.0"
ARARAT,Central Highlands,Regional Victoria,2014,30.1,"5,575.1"
BALLARAT,Central Highlands,Regional Victoria,2014,23.6,"5,439.3"
BANYULE,Melbourne,Metropolitan Melbourne,2014,16.4,"6,943.9"
BASS COAST,Gippsland,Regional Victoria,2014,25.9,"3,214.6"
BAW BAW,Gippsland,Regional Victoria,2014,18,"6,431.8"
BAYSIDE,Melbourne,Metropolitan Melbourne,2014,14.1,"9,009.0"
BENALLA,Hume,Regional Victoria,2014,34.1,"2,301.2"
BOROONDARA,Melbourne,Metropolitan Melbourne,2014,13.7,"5,222.0"
BRIMBANK,Melbourne,Metropolitan Melbourne,2014,16.6,"12,368.1"
BULOKE,Loddon Mallee North,Regional Victoria,2014,11.1,"2,981.4"
CAMPASPE,Loddon Mallee North,Regional Victoria,2014,21,"5,556.2"
CARDINIA,Melbourne,Metropolitan Melbourne,2014,21.7,"5,423.0"
CASEY,Melbourne,Metropolitan Melbourne,2014,18.4,"7,110.5"
CENTRAL GOLDFIELDS,Loddon Mallee South,Regional Victoria,2014,33.7,"4,879.0"
COLAC OTWAY,G21,Regional Victoria,2014,22.2,"4,179.2"
CORANGAMITE,Great South Coast,Regional Victoria,2014,24.8,"3,823.0"
DAREBIN,Melbourne,Metropolitan Melbourne,2014,17.8,"3,421.2"
EAST GIPPSLAND,Gippsland,Regional Victoria,2014,31.2,"4,160.7"
FRANKSTON,Melbourne,Metropolitan Melbourne,2014,18.5,"2,871.3"
GANNAWARRA,Loddon Mallee North,Regional Victoria,2014,17.5,"6,151.5"
GLEN EIRA,Melbourne,Metropolitan Melbourne,2014,12.2,"6,207.7"
GLENELG,Great South Coast,Regional Victoria,2014,21.9,"3,779.1"
GREATER BENDIGO,Loddon Mallee South,Regional Victoria,2014,23.8,"5,936.8"
GREATER DANDENONG,Melbourne,Metropolitan Melbourne,2014,19,"3,651.5"
GREATER GEELONG,G21,Regional Victoria,2014,19.8,"4,965.2"
GREATER SHEPPARTON,Hume,Regional Victoria,2014,26.1,"3,696.2"
HEPBURN,Central Highlands,Regional Victoria,2014,21.7,"4,256.2"
HINDMARSH,Wimmera Southern Mallee,Regional Victoria,2014,14,"4,638.3"
HOBSONS BAY,Melbourne,Metropolitan Melbourne,2014,12.3,"7,614.5"
HORSHAM,Wimmera Southern Mallee,Regional Victoria,2014,23.6,"3,550.7"
HUME,Melbourne,Metropolitan Melbourne,2014,19.5,"8,390.4"
INDIGO,Hume,Regional Victoria,2014,14.2,"4,807.9"
KINGSTON,Melbourne,Metropolitan Melbourne,2014,12.4,"5,157.1"
KNOX,Melbourne,Metropolitan Melbourne,2014,20.8,"8,831.1"
LATROBE,Gippsland,Regional Victoria,2014,24.9,"7,041.8"
LODDON,Loddon Mallee South,Regional Victoria,2014,18,"5,663.9"
MACEDON RANGES,Loddon Mallee South,Regional Victoria,2014,20.7,"7,743.9"
MANNINGHAM,Melbourne,Metropolitan Melbourne,2014,18.5,"8,489.3"
MANSFIELD,Hume,Regional Victoria,2014,27.5,"2,541.0"
MARIBYRNONG,Melbourne,Metropolitan Melbourne,2014,14.9,"6,627.8"
MAROONDAH,Melbourne,Metropolitan Melbourne,2014,17.5,"6,511.0"
MELBOURNE,Melbourne,Metropolitan Melbourne,2014,12.2,"6,393.3"
MILDURA,Loddon Mallee North,Regional Victoria,2014,22.4,"4,351.0"
MITCHELL,Hume,Regional Victoria,2014,24.3,"4,189.9"
MOIRA,Hume,Regional Victoria,2014,18.1,"6,280.0"
MONASH,Melbourne,Metropolitan Melbourne,2014,12.5,"2,208.0"
MOONEE VALLEY,Melbourne,Metropolitan Melbourne,2014,15.2,"6,304.6"
MOORABOOL,Central Highlands,Regional Victoria,2014,33.6,"6,950.5"
MORELAND,Melbourne,Metropolitan Melbourne,2014,19.7,"4,204.4"
MORNINGTON PENINSULA,Melbourne,Metropolitan Melbourne,2014,22,"4,855.9"
MOUNT ALEXANDER,Loddon Mallee South,Regional Victoria,2014,21.5,"7,888.0"
MOYNE,Great South Coast,Regional Victoria,2014,16.2,"3,899.5"
MURRINDINDI,Hume,Regional Victoria,2014,13.6,"3,302.5"
NILLUMBIK,Melbourne,Metropolitan Melbourne,2014,16,"8,669.9"
NORTHERN GRAMPIANS,Wimmera Southern Mallee,Regional Victoria,2014,31.1,"5,158.7"
PORT PHILLIP,Melbourne,Metropolitan Melbourne,2014,10,"3,976.8"
PYRENEES,Central Highlands,Regional Victoria,2014,16.3,"2,772.6"
SOUTH GIPPSLAND,Gippsland,Regional Victoria,2014,21.9,"7,267.4"
SOUTHERN GRAMPIANS,Great South Coast,Regional Victoria,2014,4.1,"4,877.0"
STONNINGTON,Melbourne,Metropolitan Melbourne,2014,8.4,"4,313.6"
STRATHBOGIE,Hume,Regional Victoria,2014,29.6,"6,074.4"
SURF COAST,G21,Regional Victoria,2014,17.2,"3,158.4"
SWAN HILL,Loddon Mallee North,Regional Victoria,2014,18.6,"8,419.2"
TOWONG,Hume,Regional Victoria,2014,18.5,"7,680.9"
WANGARATTA,Hume,Regional Victoria,2014,27.5,"3,189.1"
WARRNAMBOOL,Great South Coast,Regional Victoria,2014,14.6,"5,294.6"
WELLINGTON,Gippsland,Regional Victoria,2014,22.7,"6,337.9"
WEST WIMMERA,Wimmera Southern Mallee,Regional Victoria,2014,10,
WHITEHORSE,Melbourne,Metropolitan Melbourne,2014,17.6,
WHITTLESEA,Melbourne,Metropolitan Melbourne,2014,20.3,
WYNDHAM,Melbourne,Metropolitan Melbourne,2014,16,
YARRA,Melbourne,Metropolitan Melbourne,2014,10.6,"5,870.7"
YARRA RANGES,Melbourne,Metropolitan Melbourne,2014,21,"7,392.6"
YARRIAMBIACK,Wimmera Southern Mallee,Regional Victoria,2014,16,"8,526.6"
ALPINE,Hume,Regional Victoria,2015,16.9,"5,710.3"
ARARAT,Central Highlands,Regional Victoria,2015,33,"8,530.2"
BALLARAT,Central Highlands,Regional Victoria,2015,24.7,"8,269.9"
BANYULE,Melbourne,Metropolitan Melbourne,2015,17.3,"19,357.8"
BASS COAST,Gippsland,Regional Victoria,2015,22.6,"6,410.7"
BAW BAW,Gippsland,Regional Victoria,2015,20.6,"7,034.5"
BAYSIDE,Melbourne,Metropolitan Melbourne,2015,14.7,"6,300.1"
BENALLA,Hume,Regional Victoria,2015,30.8,"3,527.9"
BOROONDARA,Melbourne,Metropolitan Melbourne,2015,14.4,"6,315.1"
BRIMBANK,Melbourne,Metropolitan Melbourne,2015,17.3,"5,449.1"
BULOKE,Loddon Mallee North,Regional Victoria,2015,10.3,"12,154.7"
CAMPASPE,Loddon Mallee North,Regional Victoria,2015,23.3,"7,919.9"
CARDINIA,Melbourne,Metropolitan Melbourne,2015,19.7,"2,122.8"
CASEY,Melbourne,Metropolitan Melbourne,2015,18.5,"6,185.8"
CENTRAL GOLDFIELDS,Loddon Mallee South,Regional Victoria,2015,23.9,"5,925.4"
COLAC OTWAY,G21,Regional Victoria,2015,25.5,"7,287.9"
CORANGAMITE,Great South Coast,Regional Victoria,2015,21.1,"3,983.1"
DAREBIN,Melbourne,Metropolitan Melbourne,2015,17.1,"6,789.5"
EAST GIPPSLAND,Gippsland,Regional Victoria,2015,29.4,"9,726.1"
FRANKSTON,Melbourne,Metropolitan Melbourne,2015,19.1,"1,973.4"
GANNAWARRA,Loddon Mallee North,Regional Victoria,2015,19.6,"5,713.6"
GLEN EIRA,Melbourne,Metropolitan Melbourne,2015,13.9,"14,002.6"
GLENELG,Great South Coast,Regional Victoria,2015,20.7,"3,231.6"
GREATER BENDIGO,Loddon Mallee South,Regional Victoria,2015,24,"5,545.3"
GREATER DANDENONG,Melbourne,Metropolitan Melbourne,2015,16.6,"5,898.1"
GREATER GEELONG,G21,Regional Victoria,2015,19,"7,723.4"
GREATER SHEPPARTON,Hume,Regional Victoria,2015,25.5,"4,639.5"
HEPBURN,Central Highlands,Regional Victoria,2015,25.2,"4,652.6"
HINDMARSH,Wimmera Southern Mallee,Regional Victoria,2015,12.3,"3,885.6"
HOBSONS BAY,Melbourne,Metropolitan Melbourne,2015,16,"3,911.1"
HORSHAM,Wimmera Southern Mallee,Regional Victoria,2015,24.4,"4,624.9"
HUME,Melbourne,Metropolitan Melbourne,2015,20,"2,911.0"
INDIGO,Hume,Regional Victoria,2015,19.6,"6,333.9"
KINGSTON,Melbourne,Metropolitan Melbourne,2015,11.6,"7,622.3"
KNOX,Melbourne,Metropolitan Melbourne,2015,20.6,"3,745.6"
LATROBE,Gippsland,Regional Victoria,2015,26.6,"6,224.4"
LODDON,Loddon Mallee South,Regional Victoria,2015,21.8,"4,157.2"
MACEDON RANGES,Loddon Mallee South,Regional Victoria,2015,19.3,"5,452.2"
MANNINGHAM,Melbourne,Metropolitan Melbourne,2015,18.8,"4,088.0"
MANSFIELD,Hume,Regional Victoria,2015,18.4,"5,514.8"
MARIBYRNONG,Melbourne,Metropolitan Melbourne,2015,12.6,"5,818.0"
MAROONDAH,Melbourne,Metropolitan Melbourne,2015,16.3,"8,949.0"
MELBOURNE,Melbourne,Metropolitan Melbourne,2015,15.4,"3,819.4"
MILDURA,Loddon Mallee North,Regional Victoria,2015,22.3,"9,657.2"
MITCHELL,Hume,Regional Victoria,2015,27.4,"5,446.0"
MOIRA,Hume,Regional Victoria,2015,20.1,"5,643.6"
MONASH,Melbourne,Metropolitan Melbourne,2015,13.5,"9,628.4"
MOONEE VALLEY,Melbourne,Metropolitan Melbourne,2015,14.5,"8,265.5"
MOORABOOL,Central Highlands,Regional Victoria,2015,27.3,"6,580.9"
MORELAND,Melbourne,Metropolitan Melbourne,2015,17.6,"7,381.9"
MORNINGTON PENINSULA,Melbourne,Metropolitan Melbourne,2015,18.7,"9,154.6"
MOUNT ALEXANDER,Loddon Mallee South,Regional Victoria,2015,15.7,"2,689.4"
MOYNE,Great South Coast,Regional Victoria,2015,12,"7,487.7"
MURRINDINDI,Hume,Regional Victoria,2015,6.7,"7,732.9"
NILLUMBIK,Melbourne,Metropolitan Melbourne,2015,18.2,"6,764.3"
NORTHERN GRAMPIANS,Wimmera Southern Mallee,Regional Victoria,2015,26.9,"4,512.7"
PORT PHILLIP,Melbourne,Metropolitan Melbourne,2015,11.1,"4,646.5"
PYRENEES,Central Highlands,Regional Victoria,2015,7.3,"6,953.8"
SOUTH GIPPSLAND,Gippsland,Regional Victoria,2015,24,"2,934.2"
SOUTHERN GRAMPIANS,Great South Coast,Regional Victoria,2015,5.2,"7,066.2"
STONNINGTON,Melbourne,Metropolitan Melbourne,2015,7.9,"7,776.5"
STRATHBOGIE,Hume,Regional Victoria,2015,17.2,"4,695.7"
SURF COAST,G21,Regional Victoria,2015,20,"4,062.9"
SWAN HILL,Loddon Mallee North,Regional Victoria,2015,23.8,"9,454.8"
TOWONG,Hume,Regional Victoria,2015,13.9,"5,054.2"
WANGARATTA,Hume,Regional Victoria,2015,25.9,"3,466.7"
WARRNAMBOOL,Great South Coast,Regional Victoria,2015,14.7,"9,314.3"
WELLINGTON,Gippsland,Regional Victoria,2015,22.4,"6,136.8"
WEST WIMMERA,Wimmera Southern Mallee,Regional Victoria,2015,20,"4,979.8"
WHITEHORSE,Melbourne,Metropolitan Melbourne,2015,15.5,"2,933.6"
WHITTLESEA,Melbourne,Metropolitan Melbourne,2015,17.3,"8,089.9"
WYNDHAM,Melbourne,Metropolitan Melbourne,2015,16.6,"5,344.5"
YARRA,Melbourne,Metropolitan Melbourne,2015,8.9,"4,233.5"
YARRA RANGES,Melbourne,Metropolitan Melbourne,2015,19.6,"6,121.7"
YARRIAMBIACK,Wimmera Southern Mallee,Regional Victoria,2015,16.9,"3,587.7"
ALPINE,Hume,Regional Victoria,2016,10.7,"8,303.0"
ARARAT,Central Highlands,Regional Victoria,2016,15.4,"7,277.6"
BALLARAT,Central Highlands,Regional Victoria,2016,24.3,"2,743.2"
BANYULE,Melbourne,Metropolitan Melbourne,2016,15.8,"4,894.0"
BASS COAST,Gippsland,Regional Victoria,2016,22.4,"6,944.5"
BAW BAW,Gippsland,Regional Victoria,2016,21.1,
BAYSIDE,Melbourne,Metropolitan Melbourne,2016,15.7,
BENALLA,Hume,Regional Victoria,2016,27.4,
BOROONDARA,Melbourne,Metropolitan Melbourne,2016,13.1,
BRIMBANK,Melbourne,Metropolitan Melbourne,2016,14.8,"5,438.3"
BULOKE,Loddon Mallee North,Regional Victoria,2016,14.6,"7,377.8"
CAMPASPE,Loddon Mallee North,Regional Victoria,2016,24.2,"7,549.3"
CARDINIA,Melbourne,Metropolitan Melbourne,2016,20.1,"5,845.7"
CASEY,Melbourne,Metropolitan Melbourne,2016,15.9,"7,508.0"
CENTRAL GOLDFIELDS,Loddon Mallee South,Regional Victoria,2016,26.9,"8,147.9"
COLAC OTWAY,G21,Regional Victoria,2016,22.6,"18,168.8"
CORANGAMITE,Great South Coast,Regional Victoria,2016,15.2,"6,207.6"
DAREBIN,Melbourne,Metropolitan Melbourne,2016,18.8,"6,651.0"
EAST GIPPSLAND,Gippsland,Regional Victoria,2016,27,"5,786.4"
FRANKSTON,Melbourne,Metropolitan Melbourne,2016,19.4,"3,048.3"
GANNAWARRA,Loddon Mallee North,Regional Victoria,2016,19.3,"5,271.6"
GLEN EIRA,Melbourne,Metropolitan Melbourne,2016,14.6,"5,295.2"
GLENELG,Great South Coast,Regional Victoria,2016,22.3,"11,177.3"
GREATER BENDIGO,Loddon Mallee South,Regional Victoria,2016,27.3,"7,349.5"
GREATER DANDENONG,Melbourne,Metropolitan Melbourne,2016,16.6,"2,872.3"
GREATER GEELONG,G21,Regional Victoria,2016,17.9,"5,921.5"
GREATER SHEPPARTON,Hume,Regional Victoria,2016,24.8,"5,205.2"
HEPBURN,Central Highlands,Regional Victoria,2016,25.6,"5,817.7"
HINDMARSH,Wimmera Southern Mallee,Regional Victoria,2016,8.9,"3,374.5"
HOBSONS BAY,Melbourne,Metropolitan Melbourne,2016,14.6,"7,013.9"
HORSHAM,Wimmera Southern Mallee,Regional Victoria,2016,20.5,"8,525.5"
HUME,Melbourne,Metropolitan Melbourne,2016,19.2,"2,386.6"
INDIGO,Hume,Regional Victoria,2016,19.5,"4,632.6"
KINGSTON,Melbourne,Metropolitan Melbourne,2016,12.2,"12,141.5"
KNOX,Melbourne,Metropolitan Melbourne,2016,22.6,"2,776.8"
LATROBE,Gippsland,Regional Victoria,2016,27.8,"3,974.2"
LODDON,Loddon Mallee South,Regional Victoria,2016,13.9,"5,123.7"
MACEDON RANGES,Loddon Mallee South,Regional Victoria,2016,12.6,"6,596.5"
MANNINGHAM,Melbourne,Metropolitan Melbourne,2016,16,"3,769.5"
MANSFIELD,Hume,Regional Victoria,2016,20.6,"3,977.8"
MARIBYRNONG,Melbourne,Metropolitan Melbourne,2016,14.9,"3,675.6"
MAROONDAH,Melbourne,Metropolitan Melbourne,2016,16.5,"3,151.4"
MELBOURNE,Melbourne,Metropolitan Melbourne,2016,11.7,"3,528.3"
MILDURA,Loddon Mallee North,Regional Victoria,2016,22.7,"2,781.0"
MITCHELL,Hume,Regional Victoria,2016,26.5,"5,788.3"
MOIRA,Hume,Regional Victoria,2016,27.3,"6,867.9"
MONASH,Melbourne,Metropolitan Melbourne,2016,12.6,"3,468.3"
MOONEE VALLEY,Melbourne,Metropolitan Melbourne,2016,15.9,"6,672.1"
MOORABOOL,Central Highlands,Regional Victoria,2016,24.2,"3,547.1"
MORELAND,Melbourne,Metropolitan Melbourne,2016,18.9,"4,785.8"
MORNINGTON PENINSULA,Melbourne,Metropolitan Melbourne,2016,17.7,"3,596.4"
MOUNT ALEXANDER,Loddon Mallee South,Regional Victoria,2016,23.4,"5,068.4"
MOYNE,Great South Coast,Regional Victoria,2016,17.8,"5,059.6"
MURRINDINDI,Hume,Regional Victoria,2016,10.8,"7,926.6"
NILLUMBIK,Melbourne,Metropolitan Melbourne,2016,17.5,"3,523.1"
NORTHERN GRAMPIANS,Wimmera Southern Mallee,Regional Victoria,2016,30.5,"8,657.5"
PORT PHILLIP,Melbourne,Metropolitan Melbourne,2016,12.2,"5,161.8"
PYRENEES,Central Highlands,Regional Victoria,2016,10.2,"5,121.2"
SOUTH GIPPSLAND,Gippsland,Regional Victoria,2016,20.6,"9,200.9"
SOUTHERN GRAMPIANS,Great South Coast,Regional Victoria,2016,4.3,"7,197.2"
STONNINGTON,Melbourne,Metropolitan Melbourne,2016,6,"5,936.4"
STRATHBOGIE,Hume,Regional Victoria,2016,13.6,"7,815.2"
SURF COAST,G21,Regional Victoria,2016,18,"8,602.8"
SWAN HILL,Loddon Mallee North,Regional Victoria,2016,20,"2,822.7"
TOWONG,Hume,Regional Victoria,2016,22.2,"6,227.8"
WANGARATTA,Hume,Regional Victoria,2016,21,"6,532.8"
WARRNAMBOOL,Great South Coast,Regional Victoria,2016,15.8,"5,619.4"
WELLINGTON,Gippsland,Regional Victoria,2016,20.2,"3,109.3"
WEST WIMMERA,Wimmera Southern Mallee,Regional Victoria,2016,15.6,"4,328.0"
WHITEHORSE,Melbourne,Metropolitan Melbourne,2016,16,"6,221.5"
WHITTLESEA,Melbourne,Metropolitan Melbourne,2016,17.1,"2,538.8"
WYNDHAM,Melbourne,Metropolitan Melbourne,2016,17,"5,775.7"
YARRA,Melbourne,Metropolitan Melbourne,2016,9.7,"6,633.0"
YARRA RANGES,Melbourne,Metropolitan Melbourne,2016,17.9,"3,808.5"
YARRIAMBIACK,Wimmera Southern Mallee,Regional Victoria,2016,12.4,"2,789.3"
,G21,Regional Victoria,,,"9,968.7"
,Melbourne,Metropolitan Melbourne,,,"4,156.2"
,G21,Regional Victoria,,,"3,273.5"
,Hume,Regional Victoria,,,"8,643.5"
,,,,,"5,046.0"
,,,,,"3,841.7"
,,,,,"2,453.1"
,,,,,"6,965.0"
,,,,,"4,945.0"
,,,,,"5,250.6"
,,,,,"4,943.7"
,,,,,"3,915.6"
,,,,,"7,729.9"
,,,,,"6,343.2"
,,,,,"2,591.8"
,,,,,"4,614.7"
,,,,,"6,113.5"
,,,,,
,,,,,
,,,,,
,,,,,
,,,,,"5,440.1"
,,,,,"6,915.0"
,,,,,"7,339.9"
,,,,,"6,146.0"
,,,,,"6,913.0"
,,,,,"7,974.5"
,,,,,"18,554.4"
,,,,,"5,821.7"
,,,,,"6,273.7"
,,,,,"5,472.9"
,,,,,"2,500.3"
,,,,,"5,449.7"
,,,,,"5,040.4"
,,,,,"11,416.1"
,,,,,"7,138.9"
,,,,,"2,250.1"
,,,,,"6,253.7"
,,,,,"4,883.8"
,,,,,"5,892.9"
,,,,,"3,293.2"
,,,,,"6,597.1"
,,,,,"8,806.5"
,,,,,"2,091.3"
,,,,,"4,547.9"
,,,,,"10,541.7"
,,,,,"2,620.6"
,,,,,"4,621.8"
,,,,,"5,269.2"
,,,,,"5,488.2"
,,,,,"3,721.6"
,,,,,"3,698.6"
,,,,,"3,777.3"
,,,,,"3,159.1"
,,,,,"3,393.9"
,,,,,"2,474.1"
,,,,,"6,062.0"
,,,,,"6,752.4"
,,,,,"3,468.2"
,,,,,"6,335.8"
,,,,,"3,522.5"
,,,,,"4,619.9"
,,,,,"3,237.6"
,,,,,"4,385.1"
,,,,,"4,489.2"
,,,,,"7,801.4"
,,,,,"3,014.0"
,,,,,"7,926.5"
,,,,,"4,650.2"
,,,,,"4,908.0"
,,,,,"8,672.0"
,,,,,"6,760.5"
,,,,,"5,466.0"
,,,,,"6,894.5"
,,,,,"7,539.5"
,,,,,"2,841.4"
,,,,,"6,240.3"
,,,,,"6,248.1"
,,,,,"5,200.9"
,,,,,"2,900.9"
,,,,,"4,053.5"
,,,,,"7,086.8"
,,,,,"2,234.6"
,,,,,"5,726.5"
,,,,,"6,615.8"
,,,,,"3,253.4"
,,,,,"2,515.4"
,,,,,"7,985.6"
,,,,,"3,154.5"
,,,,,"3,243.8"
,,,,,"8,668.1"
,,,,,"4,683.6"
,,,,,"3,626.8"
,,,,,"2,846.4"
,,,,,"5,918.3"
,,,,,"4,909.9"
,,,,,"3,434.3"
,,,,,"4,343.3"
,,,,,"3,401.0"
,,,,,"7,779.4"
,,,,,"5,888.1"
,,,,,"2,451.7"
,,,,,"2,729.6"
,,,,,"5,826.3"
,,,,,
,,,,,
,,,,,
,,,,,
,,,,,"5,172.4"
,,,,,"7,785.6"
,,,,,"6,801.0"
,,,,,"6,107.3"
,,,,,"6,506.6"
,,,,,"8,718.8"
,,,,,"20,764.7"
,,,,,"5,507.7"
,,,,,"5,766.7"
,,,,,"5,411.2"
,,,,,"2,532.7"
,,,,,"5,571.4"
,,,,,"5,226.3"
,,,,,"10,960.9"
,,,,,"7,209.4"
,,,,,"2,955.3"
,,,,,"6,287.7"
,,,,,"4,854.6"
,,,,,"6,153.6"
,,,,,"3,498.3"
,,,,,"7,007.7"
,,,,,"8,089.3"
,,,,,"2,274.9"
,,,,,"4,427.3"
,,,,,"10,277.4"
,,,,,"2,629.3"
,,,,,"3,540.4"
,,,,,"5,007.2"
,,,,,"5,268.9"
,,,,,"4,072.0"
,,,,,"3,722.1"
,,,,,"3,944.6"
,,,,,"3,165.6"
,,,,,"3,780.3"
,,,,,"3,573.2"
,,,,,"6,072.3"
,,,,,"6,549.5"
,,,,,"3,579.1"
,,,,,"5,948.1"
,,,,,"3,347.9"
,,,,,"4,581.2"
,,,,,"3,550.1"
,,,,,"5,135.3"
,,,,,"4,336.3"
,,,,,"8,023.8"
,,,,,"3,355.5"
,,,,,"8,405.9"
,,,,,"4,811.1"
,,,,,"4,881.1"
,,,,,"8,573.2"
,,,,,"7,189.3"
,,,,,"5,650.5"
,,,,,"7,606.6"
,,,,,"8,244.5"
,,,,,"2,927.4"
,,,,,"5,643.2"
,,,,,"6,328.5"
,,,,,"4,853.8"
,,,,,"2,778.8"
,,,,,"3,923.6"
,,,,,"5,980.7"
,,,,,"1,974.3"
,,,,,"5,712.7"
,,,,,"6,067.9"
,,,,,"3,488.2"
,,,,,"3,144.2"
,,,,,"6,839.6"
,,,,,"3,511.6"
,,,,,"3,114.7"
,,,,,"8,531.5"
,,,,,"4,939.2"
,,,,,"3,419.7"
,,,,,"2,647.4"
,,,,,"5,749.2"
,,,,,"4,554.6"
,,,,,"2,431.7"
,,,,,"5,399.0"
,,,,,"3,482.4"
,,,,,"6,841.9"
,,,,,"5,714.6"
,,,,,"2,934.0"
,,,,,"3,057.5"
,,,,,"5,675.2"
